Workbook

Sheet 2 phần tử
A2: AB
A3: AC
A4: AD
A5: AE
A6: AF
A7: BC
A8: BD
A9: BE
A10: BF
A11: CD
A12: CE
A13: CF
... A16: EF

Sheet 3 phần tử
B1: {=TRANSPOSE(_xlfn.ANCHORARRAY(A2))} -> AB | C1: AC | D1: AD | E1: AE | F1: AF | G1: BC | H1: BD | I1: BE | J1: BF | K1: CD | L1: CE | M1: CF | N1: DE | O1: DF | P1: EF
A2: {=_xlfn.UNIQUE(_xlfn._xlws.FILTER(_xlfn.TOCOL('2 phần tử'!A2:A16,1),LEN(_xlfn.TOCOL('2 phần tử'!A2:A16,1))=2))} -> AB | B2: X | C2: {=_xlfn.TEXTJOIN("",TRUE,_xlfn._xlws.SORT(_xlfn.UNIQUE(MID($A2&C$1,_xlfn.SEQUENCE(LEN($A2&C$1)),1))))} -> ABC | D2: {=_xlfn.TEXTJOIN("",TRUE,_xlfn._xlws.SORT(_xlfn.UNIQUE(MID($A2&D$1,_xlfn.SEQUENCE(LEN($A2&D$1)),1))))} -> ABD | E2: {=_xlfn.TEXTJOIN("",TRUE,_xlfn._xlws.SORT(_xlfn.UNIQUE(MID($A2&E$1,_xlfn.SEQUENCE(LEN($A2&E$1)),1))))} -> ABE | F2: {=_xlfn.TEXTJOIN("",TRUE,_xlfn._xlws.SORT(_xlfn.UNIQUE(MID($A2&F$1,_xlfn.SEQUENCE(LEN($A2&F$1)),1))))} -> ABF | G2: (Không trùng 1 phần tử đầu) | H2: (Không trùng 1 phần tử đầu) | I2: (Không trùng 1 phần tử đầu) | J2: (Không trùng 1 phần tử đầu) | K2: (Không trùng 1 phần tử đầu) | L2: (Không trùng 1 phần tử đầu) | M2: (Không trùng 1 phần tử đầu) | N2: (Không trùng 1 phần tử đầu) | O2: (Không trùng 1 phần tử đầu) | P2: (Không trùng 1 phần tử đầu)
A3: AC | B3: X | C3: X | D3: {=_xlfn.TEXTJOIN("",TRUE,_xlfn._xlws.SORT(_xlfn.UNIQUE(MID($A3&D$1,_xlfn.SEQUENCE(LEN($A3&D$1)),1))))} -> ACD | E3: {=_xlfn.TEXTJOIN("",TRUE,_xlfn._xlws.SORT(_xlfn.UNIQUE(MID($A3&E$1,_xlfn.SEQUENCE(LEN($A3&E$1)),1))))} -> ACE | F3: {=_xlfn.TEXTJOIN("",TRUE,_xlfn._xlws.SORT(_xlfn.UNIQUE(MID($A3&F$1,_xlfn.SEQUENCE(LEN($A3&F$1)),1))))} -> ACF | G3: (Không trùng 1 phần tử đầu) | H3: (Không trùng 1 phần tử đầu) | I3: (Không trùng 1 phần tử đầu) | J3: (Không trùng 1 phần tử đầu) | K3: (Không trùng 1 phần tử đầu) | L3: (Không trùng 1 phần tử đầu) | M3: (Không trùng 1 phần tử đầu) | N3: (Không trùng 1 phần tử đầu) | O3: (Không trùng 1 phần tử đầu) | P3: (Không trùng 1 phần tử đầu)
A4: AD | B4: X | C4: X | D4: X | E4: {=_xlfn.TEXTJOIN("",TRUE,_xlfn._xlws.SORT(_xlfn.UNIQUE(MID($A4&E$1,_xlfn.SEQUENCE(LEN($A4&E$1)),1))))} -> ADE | F4: {=_xlfn.TEXTJOIN("",TRUE,_xlfn._xlws.SORT(_xlfn.UNIQUE(MID($A4&F$1,_xlfn.SEQUENCE(LEN($A4&F$1)),1))))} -> ADF | G4: (Không trùng 1 phần tử đầu) | H4: (Không trùng 1 phần tử đầu) | I4: (Không trùng 1 phần tử đầu) | J4: (Không trùng 1 phần tử đầu) | K4: (Không trùng 1 phần tử đầu) | L4: (Không trùng 1 phần tử đầu) | M4: (Không trùng 1 phần tử đầu) | N4: (Không trùng 1 phần tử đầu) | O4: (Không trùng 1 phần tử đầu) | P4: (Không trùng 1 phần tử đầu)
A5: AE | B5: X | C5: X | D5: X | E5: X | F5: {=_xlfn.TEXTJOIN("",TRUE,_xlfn._xlws.SORT(_xlfn.UNIQUE(MID($A5&F$1,_xlfn.SEQUENCE(LEN($A5&F$1)),1))))} -> AEF | G5: (Không trùng 1 phần tử đầu) | H5: (Không trùng 1 phần tử đầu) | I5: (Không trùng 1 phần tử đầu) | J5: (Không trùng 1 phần tử đầu) | K5: (Không trùng 1 phần tử đầu) | L5: (Không trùng 1 phần tử đầu) | M5: (Không trùng 1 phần tử đầu) | N5: (Không trùng 1 phần tử đầu) | O5: (Không trùng 1 phần tử đầu) | P5: (Không trùng 1 phần tử đầu)
A6: AF | B6: X | C6: X | D6: X | E6: X | F6: X | G6: (Không trùng 1 phần tử đầu) | H6: (Không trùng 1 phần tử đầu) | I6: (Không trùng 1 phần tử đầu) | J6: (Không trùng 1 phần tử đầu) | K6: (Không trùng 1 phần tử đầu) | L6: (Không trùng 1 phần tử đầu) | M6: (Không trùng 1 phần tử đầu) | N6: (Không trùng 1 phần tử đầu) | O6: (Không trùng 1 phần tử đầu) | P6: (Không trùng 1 phần tử đầu)
A7: BC | B7: X | C7: X | D7: X | E7: X | F7: X | G7: X | H7: {=_xlfn.TEXTJOIN("",TRUE,_xlfn._xlws.SORT(_xlfn.UNIQUE(MID($A7&H$1,_xlfn.SEQUENCE(LEN($A7&H$1)),1))))} -> BCD | I7: {=_xlfn.TEXTJOIN("",TRUE,_xlfn._xlws.SORT(_xlfn.UNIQUE(MID($A7&I$1,_xlfn.SEQUENCE(LEN($A7&I$1)),1))))} -> BCE | J7: {=_xlfn.TEXTJOIN("",TRUE,_xlfn._xlws.SORT(_xlfn.UNIQUE(MID($A7&J$1,_xlfn.SEQUENCE(LEN($A7&J$1)),1))))} -> BCF | K7: (Không trùng 1 phần tử đầu) | L7: (Không trùng 1 phần tử đầu) | M7: (Không trùng 1 phần tử đầu) | N7: (Không trùng 1 phần tử đầu) | O7: (Không trùng 1 phần tử đầu) | P7: (Không trùng 1 phần tử đầu)
A8: BD | B8: X | C8: X | D8: X | E8: X | F8: X | G8: X | H8: X | I8: {=_xlfn.TEXTJOIN("",TRUE,_xlfn._xlws.SORT(_xlfn.UNIQUE(MID($A8&I$1,_xlfn.SEQUENCE(LEN($A8&I$1)),1))))} -> BDE | J8: {=_xlfn.TEXTJOIN("",TRUE,_xlfn._xlws.SORT(_xlfn.UNIQUE(MID($A8&J$1,_xlfn.SEQUENCE(LEN($A8&J$1)),1))))} -> BDF | K8: (Không trùng 1 phần tử đầu) | L8: (Không trùng 1 phần tử đầu) | M8: (Không trùng 1 phần tử đầu) | N8: (Không trùng 1 phần tử đầu) | O8: (Không trùng 1 phần tử đầu) | P8: (Không trùng 1 phần tử đầu)
A9: BE | B9: X | C9: X | D9: X | E9: X | F9: X | G9: X | H9: X | I9: X | J9: {=_xlfn.TEXTJOIN("",TRUE,_xlfn._xlws.SORT(_xlfn.UNIQUE(MID($A9&J$1,_xlfn.SEQUENCE(LEN($A9&J$1)),1))))} -> BEF | K9: (Không trùng 1 phần tử đầu) | L9: (Không trùng 1 phần tử đầu) | M9: (Không trùng 1 phần tử đầu) | N9: (Không trùng 1 phần tử đầu) | O9: (Không trùng 1 phần tử đầu) | P9: (Không trùng 1 phần tử đầu)
A10: BF | B10: X | C10: X | D10: X | E10: X | F10: X | G10: X | H10: X | I10: X | J10: X | K10: (Không trùng 1 phần tử đầu) | L10: (Không trùng 1 phần tử đầu) | M10: (Không trùng 1 phần tử đầu) | N10: (Không trùng 1 phần tử đầu) | O10: (Không trùng 1 phần tử đầu) | P10: (Không trùng 1 phần tử đầu)
A11: CD | B11: X | C11: X | D11: X | E11: X | F11: X | G11: X | H11: X | I11: X | J11: X | K11: X | L11: {=_xlfn.TEXTJOIN("",TRUE,_xlfn._xlws.SORT(_xlfn.UNIQUE(MID($A11&L$1,_xlfn.SEQUENCE(LEN($A11&L$1)),1))))} -> CDE | M11: {=_xlfn.TEXTJOIN("",TRUE,_xlfn._xlws.SORT(_xlfn.UNIQUE(MID($A11&M$1,_xlfn.SEQUENCE(LEN($A11&M$1)),1))))} -> CDF | N11: (Không trùng 1 phần tử đầu) | O11: (Không trùng 1 phần tử đầu) | P11: (Không trùng 1 phần tử đầu)
A12: CE | B12: X | C12: X | D12: X | E12: X | F12: X | G12: X | H12: X | I12: X | J12: X | K12: X | L12: X | M12: {=_xlfn.TEXTJOIN("",TRUE,_xlfn._xlws.SORT(_xlfn.UNIQUE(MID($A12&M$1,_xlfn.SEQUENCE(LEN($A12&M$1)),1))))} -> CEF | N12: (Không trùng 1 phần tử đầu) | O12: (Không trùng 1 phần tử đầu) | P12: (Không trùng 1 phần tử đầu)
A13: CF | B13: X | C13: X | D13: X | E13: X | F13: X | G13: X | H13: X | I13: X | J13: X | K13: X | L13: X | M13: X | N13: (Không trùng 1 phần tử đầu) | O13: (Không trùng 1 phần tử đầu) | P13: (Không trùng 1 phần tử đầu)
A14: DE | B14: X | C14: X | D14: X | E14: X | F14: X | G14: X | H14: X | I14: X | J14: X | K14: X | L14: X | M14: X | N14: X | O14: {=_xlfn.TEXTJOIN("",TRUE,_xlfn._xlws.SORT(_xlfn.UNIQUE(MID($A14&O$1,_xlfn.SEQUENCE(LEN($A14&O$1)),1))))} -> DEF | P14: (Không trùng 1 phần tử đầu)
A15: DF | B15: X | C15: X | D15: X | E15: X | F15: X | G15: X | H15: X | I15: X | J15: X | K15: X | L15: X | M15: X | N15: X | O15: X | P15: (Không trùng 1 phần tử đầu)
A16: EF | B16: X | C16: X | D16: X | E16: X | F16: X | G16: X | H16: X | I16: X | J16: X | K16: X | L16: X | M16: X | N16: X | O16: X | P16: X

Sheet 4 phần tử
B1: {=TRANSPOSE(_xlfn.ANCHORARRAY(A2))} -> ABC | C1: ABD | D1: ABE | E1: ABF | F1: ACD | G1: ACE | H1: ACF | I1: ADE | J1: ADF | K1: AEF | L1: BCD | M1: BCE | N1: BCF | O1: BDE | P1: BDF | Q1: BEF | R1: CDE | S1: CDF | T1: CEF | U1: DEF
A2: {=_xlfn.UNIQUE(_xlfn._xlws.FILTER(_xlfn.TOCOL('3 phần tử'!B2:P16,1),LEN(_xlfn.TOCOL('3 phần tử'!B2:P16,1))=3))} -> ABC | B2: X | C2: {=_xlfn.TEXTJOIN("",TRUE,_xlfn._xlws.SORT(_xlfn.UNIQUE(MID($A2&C$1,_xlfn.SEQUENCE(LEN($A2&C$1)),1))))} -> ABCD | D2: {=_xlfn.TEXTJOIN("",TRUE,_xlfn._xlws.SORT(_xlfn.UNIQUE(MID($A2&D$1,_xlfn.SEQUENCE(LEN($A2&D$1)),1))))} -> ABCE | E2: {=_xlfn.TEXTJOIN("",TRUE,_xlfn._xlws.SORT(_xlfn.UNIQUE(MID($A2&E$1,_xlfn.SEQUENCE(LEN($A2&E$1)),1))))} -> ABCF | F2: (Không trùng 2 phần tử đầu) | G2: (Không trùng 2 phần tử đầu) | H2: (Không trùng 2 phần tử đầu) | I2: (Không trùng 2 phần tử đầu) | J2: (Không trùng 2 phần tử đầu) | K2: (Không trùng 2 phần tử đầu) | L2: (Không trùng 2 phần tử đầu) | M2: (Không trùng 2 phần tử đầu) | N2: (Không trùng 2 phần tử đầu) | O2: (Không trùng 2 phần tử đầu) | P2: (Không trùng 2 phần tử đầu) | Q2: (Không trùng 2 phần tử đầu) | R2: (Không trùng 2 phần tử đầu) | S2: (Không trùng 2 phần tử đầu) | T2: (Không trùng 2 phần tử đầu) | U2: (Không trùng 2 phần tử đầu)
A3: ABD | B3: X | C3: X | D3: {=_xlfn.TEXTJOIN("",TRUE,_xlfn._xlws.SORT(_xlfn.UNIQUE(MID($A3&D$1,_xlfn.SEQUENCE(LEN($A3&D$1)),1))))} -> ABDE | E3: {=_xlfn.TEXTJOIN("",TRUE,_xlfn._xlws.SORT(_xlfn.UNIQUE(MID($A3&E$1,_xlfn.SEQUENCE(LEN($A3&E$1)),1))))} -> ABDF | F3: (Không trùng 2 phần tử đầu) | G3: (Không trùng 2 phần tử đầu) | H3: (Không trùng 2 phần tử đầu) | I3: (Không trùng 2 phần tử đầu) | J3: (Không trùng 2 phần tử đầu) | K3: (Không trùng 2 phần tử đầu) | L3: (Không trùng 2 phần tử đầu) | M3: (Không trùng 2 phần tử đầu) | N3: (Không trùng 2 phần tử đầu) | O3: (Không trùng 2 phần tử đầu) | P3: (Không trùng 2 phần tử đầu) | Q3: (Không trùng 2 phần tử đầu) | R3: (Không trùng 2 phần tử đầu) | S3: (Không trùng 2 phần tử đầu) | T3: (Không trùng 2 phần tử đầu) | U3: (Không trùng 2 phần tử đầu)
A4: ABE | B4: X | C4: X | D4: X | E4: {=_xlfn.TEXTJOIN("",TRUE,_xlfn._xlws.SORT(_xlfn.UNIQUE(MID($A4&E$1,_xlfn.SEQUENCE(LEN($A4&E$1)),1))))} -> ABEF | F4: (Không trùng 2 phần tử đầu) | G4: (Không trùng 2 phần tử đầu) | H4: (Không trùng 2 phần tử đầu) | I4: (Không trùng 2 phần tử đầu) | J4: (Không trùng 2 phần tử đầu) | K4: (Không trùng 2 phần tử đầu) | L4: (Không trùng 2 phần tử đầu) | M4: (Không trùng 2 phần tử đầu) | N4: (Không trùng 2 phần tử đầu) | O4: (Không trùng 2 phần tử đầu) | P4: (Không trùng 2 phần tử đầu) | Q4: (Không trùng 2 phần tử đầu) | R4: (Không trùng 2 phần tử đầu) | S4: (Không trùng 2 phần tử đầu) | T4: (Không trùng 2 phần tử đầu) | U4: (Không trùng 2 phần tử đầu)
A5: ABF | B5: X | C5: X | D5: X | E5: X | F5: (Không trùng 2 phần tử đầu) | G5: (Không trùng 2 phần tử đầu) | H5: (Không trùng 2 phần tử đầu) | I5: (Không trùng 2 phần tử đầu) | J5: (Không trùng 2 phần tử đầu) | K5: (Không trùng 2 phần tử đầu) | L5: (Không trùng 2 phần tử đầu) | M5: (Không trùng 2 phần tử đầu) | N5: (Không trùng 2 phần tử đầu) | O5: (Không trùng 2 phần tử đầu) | P5: (Không trùng 2 phần tử đầu) | Q5: (Không trùng 2 phần tử đầu) | R5: (Không trùng 2 phần tử đầu) | S5: (Không trùng 2 phần tử đầu) | T5: (Không trùng 2 phần tử đầu) | U5: (Không trùng 2 phần tử đầu)
A6: ACD | B6: X | C6: X | D6: X | E6: X | F6: X | G6: {=_xlfn.TEXTJOIN("",TRUE,_xlfn._xlws.SORT(_xlfn.UNIQUE(MID($A6&G$1,_xlfn.SEQUENCE(LEN($A6&G$1)),1))))} -> ACDE | H6: {=_xlfn.TEXTJOIN("",TRUE,_xlfn._xlws.SORT(_xlfn.UNIQUE(MID($A6&H$1,_xlfn.SEQUENCE(LEN($A6&H$1)),1))))} -> ACDF | I6: (Không trùng 2 phần tử đầu) | J6: (Không trùng 2 phần tử đầu) | K6: (Không trùng 2 phần tử đầu) | L6: (Không trùng 2 phần tử đầu) | M6: (Không trùng 2 phần tử đầu) | N6: (Không trùng 2 phần tử đầu) | O6: (Không trùng 2 phần tử đầu) | P6: (Không trùng 2 phần tử đầu) | Q6: (Không trùng 2 phần tử đầu) | R6: (Không trùng 2 phần tử đầu) | S6: (Không trùng 2 phần tử đầu) | T6: (Không trùng 2 phần tử đầu) | U6: (Không trùng 2 phần tử đầu)
A7: ACE | B7: X | C7: X | D7: X | E7: X | F7: X | G7: X | H7: {=_xlfn.TEXTJOIN("",TRUE,_xlfn._xlws.SORT(_xlfn.UNIQUE(MID($A7&H$1,_xlfn.SEQUENCE(LEN($A7&H$1)),1))))} -> ACEF | I7: (Không trùng 2 phần tử đầu) | J7: (Không trùng 2 phần tử đầu) | K7: (Không trùng 2 phần tử đầu) | L7: (Không trùng 2 phần tử đầu) | M7: (Không trùng 2 phần tử đầu) | N7: (Không trùng 2 phần tử đầu) | O7: (Không trùng 2 phần tử đầu) | P7: (Không trùng 2 phần tử đầu) | Q7: (Không trùng 2 phần tử đầu) | R7: (Không trùng 2 phần tử đầu) | S7: (Không trùng 2 phần tử đầu) | T7: (Không trùng 2 phần tử đầu) | U7: (Không trùng 2 phần tử đầu)
A8: ACF | B8: X | C8: X | D8: X | E8: X | F8: X | G8: X | H8: X | I8: (Không trùng 2 phần tử đầu) | J8: (Không trùng 2 phần tử đầu) | K8: (Không trùng 2 phần tử đầu) | L8: (Không trùng 2 phần tử đầu) | M8: (Không trùng 2 phần tử đầu) | N8: (Không trùng 2 phần tử đầu) | O8: (Không trùng 2 phần tử đầu) | P8: (Không trùng 2 phần tử đầu) | Q8: (Không trùng 2 phần tử đầu) | R8: (Không trùng 2 phần tử đầu) | S8: (Không trùng 2 phần tử đầu) | T8: (Không trùng 2 phần tử đầu) | U8: (Không trùng 2 phần tử đầu)
A9: ADE | B9: X | C9: X | D9: X | E9: X | F9: X | G9: X | H9: X | I9: X | J9: {=_xlfn.TEXTJOIN("",TRUE,_xlfn._xlws.SORT(_xlfn.UNIQUE(MID($A9&J$1,_xlfn.SEQUENCE(LEN($A9&J$1)),1))))} -> ADEF | K9: (Không trùng 2 phần tử đầu) | L9: (Không trùng 2 phần tử đầu) | M9: (Không trùng 2 phần tử đầu) | N9: (Không trùng 2 phần tử đầu) | O9: (Không trùng 2 phần tử đầu) | P9: (Không trùng 2 phần tử đầu) | Q9: (Không trùng 2 phần tử đầu) | R9: (Không trùng 2 phần tử đầu) | S9: (Không trùng 2 phần tử đầu) | T9: (Không trùng 2 phần tử đầu) | U9: (Không trùng 2 phần tử đầu)
A10: ADF | B10: X | C10: X | D10: X | E10: X | F10: X | G10: X | H10: X | I10: X | J10: X | K10: (Không trùng 2 phần tử đầu) | L10: (Không trùng 2 phần tử đầu) | M10: (Không trùng 2 phần tử đầu) | N10: (Không trùng 2 phần tử đầu) | O10: (Không trùng 2 phần tử đầu) | P10: (Không trùng 2 phần tử đầu) | Q10: (Không trùng 2 phần tử đầu) | R10: (Không trùng 2 phần tử đầu) | S10: (Không trùng 2 phần tử đầu) | T10: (Không trùng 2 phần tử đầu) | U10: (Không trùng 2 phần tử đầu)
A11: AEF | B11: X | C11: X | D11: X | E11: X | F11: X | G11: X | H11: X | I11: X | J11: X | K11: X | L11: (Không trùng 2 phần tử đầu) | M11: (Không trùng 2 phần tử đầu) | N11: (Không trùng 2 phần tử đầu) | O11: (Không trùng 2 phần tử đầu) | P11: (Không trùng 2 phần tử đầu) | Q11: (Không trùng 2 phần tử đầu) | R11: (Không trùng 2 phần tử đầu) | S11: (Không trùng 2 phần tử đầu) | T11: (Không trùng 2 phần tử đầu) | U11: (Không trùng 2 phần tử đầu)
A12: BCD | B12: X | C12: X | D12: X | E12: X | F12: X | G12: X | H12: X | I12: X | J12: X | K12: X | L12: X | M12: {=_xlfn.TEXTJOIN("",TRUE,_xlfn._xlws.SORT(_xlfn.UNIQUE(MID($A12&M$1,_xlfn.SEQUENCE(LEN($A12&M$1)),1))))} -> BCDE | N12: {=_xlfn.TEXTJOIN("",TRUE,_xlfn._xlws.SORT(_xlfn.UNIQUE(MID($A12&N$1,_xlfn.SEQUENCE(LEN($A12&N$1)),1))))} -> BCDF | O12: (Không trùng 2 phần tử đầu) | P12: (Không trùng 2 phần tử đầu) | Q12: (Không trùng 2 phần tử đầu) | R12: (Không trùng 2 phần tử đầu) | S12: (Không trùng 2 phần tử đầu) | T12: (Không trùng 2 phần tử đầu) | U12: (Không trùng 2 phần tử đầu)
A13: BCE | B13: X | C13: X | D13: X | E13: X | F13: X | G13: X | H13: X | I13: X | J13: X | K13: X | L13: X | M13: X | N13: {=_xlfn.TEXTJOIN("",TRUE,_xlfn._xlws.SORT(_xlfn.UNIQUE(MID($A13&N$1,_xlfn.SEQUENCE(LEN($A13&N$1)),1))))} -> BCEF | O13: (Không trùng 2 phần tử đầu) | P13: (Không trùng 2 phần tử đầu) | Q13: (Không trùng 2 phần tử đầu) | R13: (Không trùng 2 phần tử đầu) | S13: (Không trùng 2 phần tử đầu) | T13: (Không trùng 2 phần tử đầu) | U13: (Không trùng 2 phần tử đầu)
A14: BCF | B14: X | C14: X | D14: X | E14: X | F14: X | G14: X | H14: X | I14: X | J14: X | K14: X | L14: X | M14: X | N14: X | O14: (Không trùng 2 phần tử đầu) | P14: (Không trùng 2 phần tử đầu) | Q14: (Không trùng 2 phần tử đầu) | R14: (Không trùng 2 phần tử đầu) | S14: (Không trùng 2 phần tử đầu) | T14: (Không trùng 2 phần tử đầu) | U14: (Không trùng 2 phần tử đầu)
A15: BDE | B15: X | C15: X | D15: X | E15: X | F15: X | G15: X | H15: X | I15: X | J15: X | K15: X | L15: X | M15: X | N15: X | O15: X | P15: {=_xlfn.TEXTJOIN("",TRUE,_xlfn._xlws.SORT(_xlfn.UNIQUE(MID($A15&P$1,_xlfn.SEQUENCE(LEN($A15&P$1)),1))))} -> BDEF | Q15: (Không trùng 2 phần tử đầu) | R15: (Không trùng 2 phần tử đầu) | S15: (Không trùng 2 phần tử đầu) | T15: (Không trùng 2 phần tử đầu) | U15: (Không trùng 2 phần tử đầu)
A16: BDF | B16: X | C16: X | D16: X | E16: X | F16: X | G16: X | H16: X | I16: X | J16: X | K16: X | L16: X | M16: X | N16: X | O16: X | P16: X | Q16: (Không trùng 2 phần tử đầu) | R16: (Không trùng 2 phần tử đầu) | S16: (Không trùng 2 phần tử đầu) | T16: (Không trùng 2 phần tử đầu) | U16: (Không trùng 2 phần tử đầu)
A17: BEF | B17: X | C17: X | D17: X | E17: X | F17: X | G17: X | H17: X | I17: X | J17: X | K17: X | L17: X | M17: X | N17: X | O17: X | P17: X | Q17: X | R17: (Không trùng 2 phần tử đầu) | S17: (Không trùng 2 phần tử đầu) | T17: (Không trùng 2 phần tử đầu) | U17: (Không trùng 2 phần tử đầu)
A18: CDE | B18: X | C18: X | D18: X | E18: X | F18: X | G18: X | H18: X | I18: X | J18: X | K18: X | L18: X | M18: X | N18: X | O18: X | P18: X | Q18: X | R18: X | S18: {=_xlfn.TEXTJOIN("",TRUE,_xlfn._xlws.SORT(_xlfn.UNIQUE(MID($A18&S$1,_xlfn.SEQUENCE(LEN($A18&S$1)),1))))} -> CDEF | T18: (Không trùng 2 phần tử đầu) | U18: (Không trùng 2 phần tử đầu)
A19: CDF | B19: X | C19: X | D19: X | E19: X | F19: X | G19: X | H19: X | I19: X | J19: X | K19: X | L19: X | M19: X | N19: X | O19: X | P19: X | Q19: X | R19: X | S19: X | T19: (Không trùng 2 phần tử đầu) | U19: (Không trùng 2 phần tử đầu)
A20: CEF | B20: X | C20: X | D20: X | E20: X | F20: X | G20: X | H20: X | I20: X | J20: X | K20: X | L20: X | M20: X | N20: X | O20: X | P20: X | Q20: X | R20: X | S20: X | T20: X | U20: (Không trùng 2 phần tử đầu)
A21: DEF | B21: X | C21: X | D21: X | E21: X | F21: X | G21: X | H21: X | I21: X | J21: X | K21: X | L21: X | M21: X | N21: X | O21: X | P21: X | Q21: X | R21: X | S21: X | T21: X | U21: X

Sheet 5 phần tử
B1: {=TRANSPOSE(_xlfn.ANCHORARRAY(A2))} -> ABCD | C1: ABCE | D1: ABCF | E1: ABDE | F1: ABDF | G1: ABEF | H1: ACDE | I1: ACDF | J1: ACEF | K1: ADEF | L1: BCDE | M1: BCDF | N1: BCEF | O1: BDEF | P1: CDEF
A2: {=_xlfn.UNIQUE(_xlfn._xlws.FILTER(_xlfn.TOCOL('4 phần tử'!B2:U21,1),LEN(_xlfn.TOCOL('4 phần tử'!B2:U21,1))=4))} -> ABCD | B2: X | C2: {=_xlfn.TEXTJOIN("",TRUE,_xlfn._xlws.SORT(_xlfn.UNIQUE(MID($A2&C$1,_xlfn.SEQUENCE(LEN($A2&C$1)),1))))} -> ABCDE | D2: {=_xlfn.TEXTJOIN("",TRUE,_xlfn._xlws.SORT(_xlfn.UNIQUE(MID($A2&D$1,_xlfn.SEQUENCE(LEN($A2&D$1)),1))))} -> ABCDF | E2: (Không trùng 3 phần tử đầu) | F2: (Không trùng 3 phần tử đầu) | G2: (Không trùng 3 phần tử đầu) | H2: (Không trùng 3 phần tử đầu) | I2: (Không trùng 3 phần tử đầu) | J2: (Không trùng 3 phần tử đầu) | K2: (Không trùng 3 phần tử đầu) | L2: (Không trùng 3 phần tử đầu) | M2: (Không trùng 3 phần tử đầu) | N2: (Không trùng 3 phần tử đầu) | O2: (Không trùng 3 phần tử đầu) | P2: (Không trùng 3 phần tử đầu)
A3: ABCE | B3: X | C3: X | D3: {=_xlfn.TEXTJOIN("",TRUE,_xlfn._xlws.SORT(_xlfn.UNIQUE(MID($A3&D$1,_xlfn.SEQUENCE(LEN($A3&D$1)),1))))} -> ABCEF | E3: (Không trùng 3 phần tử đầu) | F3: (Không trùng 3 phần tử đầu) | G3: (Không trùng 3 phần tử đầu) | H3: (Không trùng 3 phần tử đầu) | I3: (Không trùng 3 phần tử đầu) | J3: (Không trùng 3 phần tử đầu) | K3: (Không trùng 3 phần tử đầu) | L3: (Không trùng 3 phần tử đầu) | M3: (Không trùng 3 phần tử đầu) | N3: (Không trùng 3 phần tử đầu) | O3: (Không trùng 3 phần tử đầu) | P3: (Không trùng 3 phần tử đầu)
A4: ABCF | B4: X | C4: X | D4: X | E4: (Không trùng 3 phần tử đầu) | F4: (Không trùng 3 phần tử đầu) | G4: (Không trùng 3 phần tử đầu) | H4: (Không trùng 3 phần tử đầu) | I4: (Không trùng 3 phần tử đầu) | J4: (Không trùng 3 phần tử đầu) | K4: (Không trùng 3 phần tử đầu) | L4: (Không trùng 3 phần tử đầu) | M4: (Không trùng 3 phần tử đầu) | N4: (Không trùng 3 phần tử đầu) | O4: (Không trùng 3 phần tử đầu) | P4: (Không trùng 3 phần tử đầu)
A5: ABDE | B5: X | C5: X | D5: X | E5: X | F5: {=_xlfn.TEXTJOIN("",TRUE,_xlfn._xlws.SORT(_xlfn.UNIQUE(MID($A5&F$1,_xlfn.SEQUENCE(LEN($A5&F$1)),1))))} -> ABDEF | G5: (Không trùng 3 phần tử đầu) | H5: (Không trùng 3 phần tử đầu) | I5: (Không trùng 3 phần tử đầu) | J5: (Không trùng 3 phần tử đầu) | K5: (Không trùng 3 phần tử đầu) | L5: (Không trùng 3 phần tử đầu) | M5: (Không trùng 3 phần tử đầu) | N5: (Không trùng 3 phần tử đầu) | O5: (Không trùng 3 phần tử đầu) | P5: (Không trùng 3 phần tử đầu)
A6: ABDF | B6: X | C6: X | D6: X | E6: X | F6: X | G6: (Không trùng 3 phần tử đầu) | H6: (Không trùng 3 phần tử đầu) | I6: (Không trùng 3 phần tử đầu) | J6: (Không trùng 3 phần tử đầu) | K6: (Không trùng 3 phần tử đầu) | L6: (Không trùng 3 phần tử đầu) | M6: (Không trùng 3 phần tử đầu) | N6: (Không trùng 3 phần tử đầu) | O6: (Không trùng 3 phần tử đầu) | P6: (Không trùng 3 phần tử đầu)
A7: ABEF | B7: X | C7: X | D7: X | E7: X | F7: X | G7: X | H7: (Không trùng 3 phần tử đầu) | I7: (Không trùng 3 phần tử đầu) | J7: (Không trùng 3 phần tử đầu) | K7: (Không trùng 3 phần tử đầu) | L7: (Không trùng 3 phần tử đầu) | M7: (Không trùng 3 phần tử đầu) | N7: (Không trùng 3 phần tử đầu) | O7: (Không trùng 3 phần tử đầu) | P7: (Không trùng 3 phần tử đầu)
A8: ACDE | B8: X | C8: X | D8: X | E8: X | F8: X | G8: X | H8: X | I8: {=_xlfn.TEXTJOIN("",TRUE,_xlfn._xlws.SORT(_xlfn.UNIQUE(MID($A8&I$1,_xlfn.SEQUENCE(LEN($A8&I$1)),1))))} -> ACDEF | J8: (Không trùng 3 phần tử đầu) | K8: (Không trùng 3 phần tử đầu) | L8: (Không trùng 3 phần tử đầu) | M8: (Không trùng 3 phần tử đầu) | N8: (Không trùng 3 phần tử đầu) | O8: (Không trùng 3 phần tử đầu) | P8: (Không trùng 3 phần tử đầu)
A9: ACDF | B9: X | C9: X | D9: X | E9: X | F9: X | G9: X | H9: X | I9: X | J9: (Không trùng 3 phần tử đầu) | K9: (Không trùng 3 phần tử đầu) | L9: (Không trùng 3 phần tử đầu) | M9: (Không trùng 3 phần tử đầu) | N9: (Không trùng 3 phần tử đầu) | O9: (Không trùng 3 phần tử đầu) | P9: (Không trùng 3 phần tử đầu)
A10: ACEF | B10: X | C10: X | D10: X | E10: X | F10: X | G10: X | H10: X | I10: X | J10: X | K10: (Không trùng 3 phần tử đầu) | L10: (Không trùng 3 phần tử đầu) | M10: (Không trùng 3 phần tử đầu) | N10: (Không trùng 3 phần tử đầu) | O10: (Không trùng 3 phần tử đầu) | P10: (Không trùng 3 phần tử đầu)
A11: ADEF | B11: X | C11: X | D11: X | E11: X | F11: X | G11: X | H11: X | I11: X | J11: X | K11: X | L11: (Không trùng 3 phần tử đầu) | M11: (Không trùng 3 phần tử đầu) | N11: (Không trùng 3 phần tử đầu) | O11: (Không trùng 3 phần tử đầu) | P11: (Không trùng 3 phần tử đầu)
A12: BCDE | B12: X | C12: X | D12: X | E12: X | F12: X | G12: X | H12: X | I12: X | J12: X | K12: X | L12: X | M12: {=_xlfn.TEXTJOIN("",TRUE,_xlfn._xlws.SORT(_xlfn.UNIQUE(MID($A12&M$1,_xlfn.SEQUENCE(LEN($A12&M$1)),1))))} -> BCDEF | N12: (Không trùng 3 phần tử đầu) | O12: (Không trùng 3 phần tử đầu) | P12: (Không trùng 3 phần tử đầu)
A13: BCDF | B13: X | C13: X | D13: X | E13: X | F13: X | G13: X | H13: X | I13: X | J13: X | K13: X | L13: X | M13: X | N13: (Không trùng 3 phần tử đầu) | O13: (Không trùng 3 phần tử đầu) | P13: (Không trùng 3 phần tử đầu)
A14: BCEF | B14: X | C14: X | D14: X | E14: X | F14: X | G14: X | H14: X | I14: X | J14: X | K14: X | L14: X | M14: X | N14: X | O14: (Không trùng 3 phần tử đầu) | P14: (Không trùng 3 phần tử đầu)
A15: BDEF | B15: X | C15: X | D15: X | E15: X | F15: X | G15: X | H15: X | I15: X | J15: X | K15: X | L15: X | M15: X | N15: X | O15: X | P15: (Không trùng 3 phần tử đầu)
A16: CDEF | B16: X | C16: X | D16: X | E16: X | F16: X | G16: X | H16: X | I16: X | J16: X | K16: X | L16: X | M16: X | N16: X | O16: X | P16: X

Sheet 6 phần tử
B1: {=TRANSPOSE(_xlfn.ANCHORARRAY(A2))} -> ABCDE | C1: ABCDF | D1: ABCEF | E1: ABDEF | F1: ACDEF | G1: BCDEF
A2: {=_xlfn.UNIQUE(_xlfn._xlws.FILTER(_xlfn.TOCOL('5 phần tử'!B2:P16,1),LEN(_xlfn.TOCOL('5 phần tử'!B2:P16,1))=5))} -> ABCDE | B2: X | C2: {=_xlfn.TEXTJOIN("",TRUE,_xlfn._xlws.SORT(_xlfn.UNIQUE(MID($A2&C$1,_xlfn.SEQUENCE(LEN($A2&C$1)),1))))} -> ABCDEF | D2: (Không trùng 4 phần tử đầu) | E2: (Không trùng 4 phần tử đầu) | F2: (Không trùng 4 phần tử đầu) | G2: (Không trùng 4 phần tử đầu)
A3: ABCDF | B3: X | C3: X | D3: (Không trùng 4 phần tử đầu) | E3: (Không trùng 4 phần tử đầu) | F3: (Không trùng 4 phần tử đầu) | G3: (Không trùng 4 phần tử đầu)
A4: ABCEF | B4: X | C4: X | D4: X | E4: (Không trùng 4 phần tử đầu) | F4: (Không trùng 4 phần tử đầu) | G4: (Không trùng 4 phần tử đầu)
A5: ABDEF | B5: X | C5: X | D5: X | E5: X | F5: (Không trùng 4 phần tử đầu) | G5: (Không trùng 4 phần tử đầu)
A6: ACDEF | B6: X | C6: X | D6: X | E6: X | F6: X | G6: (Không trùng 4 phần tử đầu)
A7: BCDEF | B7: X | C7: X | D7: X | E7: X | F7: X | G7: X

Sheet (v2)-3 phần tử
A1: ='3 phần tử'!A1 -> 0 | B1: ='3 phần tử'!B1 -> AB | C1: ='3 phần tử'!C1 -> AC | D1: ='3 phần tử'!D1 -> AD | E1: ='3 phần tử'!E1 -> AE | F1: ='3 phần tử'!F1 -> AF | G1: ='3 phần tử'!G1 -> BC | H1: ='3 phần tử'!H1 -> BD | ... P1: ='3 phần tử'!P1 -> EF
A2: ='3 phần tử'!A2 -> AB | B2: ='3 phần tử'!B2 -> X | C2: ='3 phần tử'!C2 -> ABC | D2: ='3 phần tử'!D2 -> ABD | E2: ='3 phần tử'!E2 -> ABE | F2: ='3 phần tử'!F2 -> ABF | G2: ='3 phần tử'!G2 -> (Không trùng 1 phần tử đầu) | H2: ='3 phần tử'!H2 -> (Không trùng 1 phần tử đầu) | ... P2: ='3 phần tử'!P2 -> (Không trùng 1 phần tử đầu)
A3: ='3 phần tử'!A3 -> AC | B3: ='3 phần tử'!B3 -> X | C3: ='3 phần tử'!C3 -> X | D3: ='3 phần tử'!D3 -> ACD | E3: ='3 phần tử'!E3 -> ACE | F3: ='3 phần tử'!F3 -> ACF | G3: ='3 phần tử'!G3 -> (Không trùng 1 phần tử đầu) | H3: ='3 phần tử'!H3 -> (Không trùng 1 phần tử đầu) | ... P3: ='3 phần tử'!P3 -> (Không trùng 1 phần tử đầu)
A4: ='3 phần tử'!A4 -> AD | B4: ='3 phần tử'!B4 -> X | C4: ='3 phần tử'!C4 -> X | D4: ='3 phần tử'!D4 -> X | E4: ='3 phần tử'!E4 -> ADE | F4: ='3 phần tử'!F4 -> ADF | G4: ='3 phần tử'!G4 -> (Không trùng 1 phần tử đầu) | H4: ='3 phần tử'!H4 -> (Không trùng 1 phần tử đầu) | ... P4: ='3 phần tử'!P4 -> (Không trùng 1 phần tử đầu)
A5: ='3 phần tử'!A5 -> AE | B5: ='3 phần tử'!B5 -> X | C5: ='3 phần tử'!C5 -> X | D5: ='3 phần tử'!D5 -> X | E5: ='3 phần tử'!E5 -> X | F5: ='3 phần tử'!F5 -> AEF | G5: ='3 phần tử'!G5 -> (Không trùng 1 phần tử đầu) | H5: ='3 phần tử'!H5 -> (Không trùng 1 phần tử đầu) | ... P5: ='3 phần tử'!P5 -> (Không trùng 1 phần tử đầu)
A6: ='3 phần tử'!A6 -> AF | B6: ='3 phần tử'!B6 -> X | C6: ='3 phần tử'!C6 -> X | D6: ='3 phần tử'!D6 -> X | E6: ='3 phần tử'!E6 -> X | F6: ='3 phần tử'!F6 -> X | G6: ='3 phần tử'!G6 -> (Không trùng 1 phần tử đầu) | H6: ='3 phần tử'!H6 -> (Không trùng 1 phần tử đầu) | ... P6: ='3 phần tử'!P6 -> (Không trùng 1 phần tử đầu)
A7: ='3 phần tử'!A7 -> BC | B7: ='3 phần tử'!B7 -> X | C7: ='3 phần tử'!C7 -> X | D7: ='3 phần tử'!D7 -> X | E7: ='3 phần tử'!E7 -> X | F7: ='3 phần tử'!F7 -> X | G7: ='3 phần tử'!G7 -> X | H7: ='3 phần tử'!H7 -> BCD | ... P7: ='3 phần tử'!P7 -> (Không trùng 1 phần tử đầu)
A8: ='3 phần tử'!A8 -> BD | B8: ='3 phần tử'!B8 -> X | C8: ='3 phần tử'!C8 -> X | D8: ='3 phần tử'!D8 -> X | E8: ='3 phần tử'!E8 -> X | F8: ='3 phần tử'!F8 -> X | G8: ='3 phần tử'!G8 -> X | H8: ='3 phần tử'!H8 -> X | ... P8: ='3 phần tử'!P8 -> (Không trùng 1 phần tử đầu)
A9: ='3 phần tử'!A9 -> BE | B9: ='3 phần tử'!B9 -> X | C9: ='3 phần tử'!C9 -> X | D9: ='3 phần tử'!D9 -> X | E9: ='3 phần tử'!E9 -> X | F9: ='3 phần tử'!F9 -> X | G9: ='3 phần tử'!G9 -> X | H9: ='3 phần tử'!H9 -> X | ... P9: ='3 phần tử'!P9 -> (Không trùng 1 phần tử đầu)
A10: ='3 phần tử'!A10 -> BF | B10: ='3 phần tử'!B10 -> X | C10: ='3 phần tử'!C10 -> X | D10: ='3 phần tử'!D10 -> X | E10: ='3 phần tử'!E10 -> X | F10: ='3 phần tử'!F10 -> X | G10: ='3 phần tử'!G10 -> X | H10: ='3 phần tử'!H10 -> X | ... P10: ='3 phần tử'!P10 -> (Không trùng 1 phần tử đầu)
A11: ='3 phần tử'!A11 -> CD | B11: ='3 phần tử'!B11 -> X | C11: ='3 phần tử'!C11 -> X | D11: ='3 phần tử'!D11 -> X | E11: ='3 phần tử'!E11 -> X | F11: ='3 phần tử'!F11 -> X | G11: ='3 phần tử'!G11 -> X | H11: ='3 phần tử'!H11 -> X | ... P11: ='3 phần tử'!P11 -> (Không trùng 1 phần tử đầu)
A12: ='3 phần tử'!A12 -> CE | B12: ='3 phần tử'!B12 -> X | C12: ='3 phần tử'!C12 -> X | D12: ='3 phần tử'!D12 -> X | E12: ='3 phần tử'!E12 -> X | F12: ='3 phần tử'!F12 -> X | G12: ='3 phần tử'!G12 -> X | H12: ='3 phần tử'!H12 -> X | ... P12: ='3 phần tử'!P12 -> (Không trùng 1 phần tử đầu)
... A16: ='3 phần tử'!A16 -> EF | B16: ='3 phần tử'!B16 -> X | C16: ='3 phần tử'!C16 -> X | D16: ='3 phần tử'!D16 -> X | E16: ='3 phần tử'!E16 -> X | F16: ='3 phần tử'!F16 -> X | G16: ='3 phần tử'!G16 -> X | H16: ='3 phần tử'!H16 -> X | ... P16: ='3 phần tử'!P16 -> X

Sheet (v2)-4 phần tử
A1: ='4 phần tử'!A1 -> 0 | B1: ='4 phần tử'!B1 -> ABC | C1: ='4 phần tử'!C1 -> ABD | D1: ='4 phần tử'!D1 -> ABE | E1: ='4 phần tử'!E1 -> ABF | F1: ='4 phần tử'!F1 -> ACD | G1: ='4 phần tử'!G1 -> ACE | H1: ='4 phần tử'!H1 -> ACF | ... U1: ='4 phần tử'!U1 -> DEF
A2: ='4 phần tử'!A2 -> ABC | B2: ='4 phần tử'!B2 -> X | C2: ='4 phần tử'!C2 -> ABCD | D2: ='4 phần tử'!D2 -> ABCE | E2: ='4 phần tử'!E2 -> ABCF | F2: ='4 phần tử'!F2 -> (Không trùng 2 phần tử đầu) | G2: ='4 phần tử'!G2 -> (Không trùng 2 phần tử đầu) | H2: ='4 phần tử'!H2 -> (Không trùng 2 phần tử đầu) | ... U2: ='4 phần tử'!U2 -> (Không trùng 2 phần tử đầu)
A3: ='4 phần tử'!A3 -> ABD | B3: ='4 phần tử'!B3 -> X | C3: ='4 phần tử'!C3 -> X | D3: ='4 phần tử'!D3 -> ABDE | E3: ='4 phần tử'!E3 -> ABDF | F3: ='4 phần tử'!F3 -> (Không trùng 2 phần tử đầu) | G3: ='4 phần tử'!G3 -> (Không trùng 2 phần tử đầu) | H3: ='4 phần tử'!H3 -> (Không trùng 2 phần tử đầu) | ... U3: ='4 phần tử'!U3 -> (Không trùng 2 phần tử đầu)
A4: ='4 phần tử'!A4 -> ABE | B4: ='4 phần tử'!B4 -> X | C4: ='4 phần tử'!C4 -> X | D4: ='4 phần tử'!D4 -> X | E4: ='4 phần tử'!E4 -> ABEF | F4: ='4 phần tử'!F4 -> (Không trùng 2 phần tử đầu) | G4: ='4 phần tử'!G4 -> (Không trùng 2 phần tử đầu) | H4: ='4 phần tử'!H4 -> (Không trùng 2 phần tử đầu) | ... U4: ='4 phần tử'!U4 -> (Không trùng 2 phần tử đầu)
A5: ='4 phần tử'!A5 -> ABF | B5: ='4 phần tử'!B5 -> X | C5: ='4 phần tử'!C5 -> X | D5: ='4 phần tử'!D5 -> X | E5: ='4 phần tử'!E5 -> X | F5: ='4 phần tử'!F5 -> (Không trùng 2 phần tử đầu) | G5: ='4 phần tử'!G5 -> (Không trùng 2 phần tử đầu) | H5: ='4 phần tử'!H5 -> (Không trùng 2 phần tử đầu) | ... U5: ='4 phần tử'!U5 -> (Không trùng 2 phần tử đầu)
A6: ='4 phần tử'!A6 -> ACD | B6: ='4 phần tử'!B6 -> X | C6: ='4 phần tử'!C6 -> X | D6: ='4 phần tử'!D6 -> X | E6: ='4 phần tử'!E6 -> X | F6: ='4 phần tử'!F6 -> X | G6: ='4 phần tử'!G6 -> ACDE | H6: ='4 phần tử'!H6 -> ACDF | ... U6: ='4 phần tử'!U6 -> (Không trùng 2 phần tử đầu)
A7: ='4 phần tử'!A7 -> ACE | B7: ='4 phần tử'!B7 -> X | C7: ='4 phần tử'!C7 -> X | D7: ='4 phần tử'!D7 -> X | E7: ='4 phần tử'!E7 -> X | F7: ='4 phần tử'!F7 -> X | G7: ='4 phần tử'!G7 -> X | H7: ='4 phần tử'!H7 -> ACEF | ... U7: ='4 phần tử'!U7 -> (Không trùng 2 phần tử đầu)
A8: ='4 phần tử'!A8 -> ACF | B8: ='4 phần tử'!B8 -> X | C8: ='4 phần tử'!C8 -> X | D8: ='4 phần tử'!D8 -> X | E8: ='4 phần tử'!E8 -> X | F8: ='4 phần tử'!F8 -> X | G8: ='4 phần tử'!G8 -> X | H8: ='4 phần tử'!H8 -> X | ... U8: ='4 phần tử'!U8 -> (Không trùng 2 phần tử đầu)
A9: ='4 phần tử'!A9 -> ADE | B9: ='4 phần tử'!B9 -> X | C9: ='4 phần tử'!C9 -> X | D9: ='4 phần tử'!D9 -> X | E9: ='4 phần tử'!E9 -> X | F9: ='4 phần tử'!F9 -> X | G9: ='4 phần tử'!G9 -> X | H9: ='4 phần tử'!H9 -> X | ... U9: ='4 phần tử'!U9 -> (Không trùng 2 phần tử đầu)
A10: ='4 phần tử'!A10 -> ADF | B10: ='4 phần tử'!B10 -> X | C10: ='4 phần tử'!C10 -> X | D10: ='4 phần tử'!D10 -> X | E10: ='4 phần tử'!E10 -> X | F10: ='4 phần tử'!F10 -> X | G10: ='4 phần tử'!G10 -> X | H10: ='4 phần tử'!H10 -> X | ... U10: ='4 phần tử'!U10 -> (Không trùng 2 phần tử đầu)
A11: ='4 phần tử'!A11 -> AEF | B11: ='4 phần tử'!B11 -> X | C11: ='4 phần tử'!C11 -> X | D11: ='4 phần tử'!D11 -> X | E11: ='4 phần tử'!E11 -> X | F11: ='4 phần tử'!F11 -> X | G11: ='4 phần tử'!G11 -> X | H11: ='4 phần tử'!H11 -> X | ... U11: ='4 phần tử'!U11 -> (Không trùng 2 phần tử đầu)
A12: ='4 phần tử'!A12 -> BCD | B12: ='4 phần tử'!B12 -> X | C12: ='4 phần tử'!C12 -> X | D12: ='4 phần tử'!D12 -> X | E12: ='4 phần tử'!E12 -> X | F12: ='4 phần tử'!F12 -> X | G12: ='4 phần tử'!G12 -> X | H12: ='4 phần tử'!H12 -> X | ... U12: ='4 phần tử'!U12 -> (Không trùng 2 phần tử đầu)
... A21: ='4 phần tử'!A21 -> DEF | B21: ='4 phần tử'!B21 -> X | C21: ='4 phần tử'!C21 -> X | D21: ='4 phần tử'!D21 -> X | E21: ='4 phần tử'!E21 -> X | F21: ='4 phần tử'!F21 -> X | G21: ='4 phần tử'!G21 -> X | H21: ='4 phần tử'!H21 -> X | ... U21: ='4 phần tử'!U21 -> X

Sheet (v2)-5 phần tử
A1: ='5 phần tử'!A1 -> 0 | B1: ='5 phần tử'!B1 -> ABCD | C1: ='5 phần tử'!C1 -> ABCE | D1: ='5 phần tử'!D1 -> ABCF | E1: ='5 phần tử'!E1 -> ABDE | F1: ='5 phần tử'!F1 -> ABDF | G1: ='5 phần tử'!G1 -> ABEF | H1: ='5 phần tử'!H1 -> ACDE | ... P1: ='5 phần tử'!P1 -> CDEF
A2: ='5 phần tử'!A2 -> ABCD | B2: ='5 phần tử'!B2 -> X | C2: ='5 phần tử'!C2 -> ABCDE | D2: ='5 phần tử'!D2 -> ABCDF | E2: ='5 phần tử'!E2 -> (Không trùng 3 phần tử đầu) | F2: ='5 phần tử'!F2 -> (Không trùng 3 phần tử đầu) | G2: ='5 phần tử'!G2 -> (Không trùng 3 phần tử đầu) | H2: ='5 phần tử'!H2 -> (Không trùng 3 phần tử đầu) | ... P2: ='5 phần tử'!P2 -> (Không trùng 3 phần tử đầu)
A3: ='5 phần tử'!A3 -> ABCE | B3: ='5 phần tử'!B3 -> X | C3: ='5 phần tử'!C3 -> X | D3: ='5 phần tử'!D3 -> ABCEF | E3: ='5 phần tử'!E3 -> (Không trùng 3 phần tử đầu) | F3: ='5 phần tử'!F3 -> (Không trùng 3 phần tử đầu) | G3: ='5 phần tử'!G3 -> (Không trùng 3 phần tử đầu) | H3: ='5 phần tử'!H3 -> (Không trùng 3 phần tử đầu) | ... P3: ='5 phần tử'!P3 -> (Không trùng 3 phần tử đầu)
A4: ='5 phần tử'!A4 -> ABCF | B4: ='5 phần tử'!B4 -> X | C4: ='5 phần tử'!C4 -> X | D4: ='5 phần tử'!D4 -> X | E4: ='5 phần tử'!E4 -> (Không trùng 3 phần tử đầu) | F4: ='5 phần tử'!F4 -> (Không trùng 3 phần tử đầu) | G4: ='5 phần tử'!G4 -> (Không trùng 3 phần tử đầu) | H4: ='5 phần tử'!H4 -> (Không trùng 3 phần tử đầu) | ... P4: ='5 phần tử'!P4 -> (Không trùng 3 phần tử đầu)
A5: ='5 phần tử'!A5 -> ABDE | B5: ='5 phần tử'!B5 -> X | C5: ='5 phần tử'!C5 -> X | D5: ='5 phần tử'!D5 -> X | E5: ='5 phần tử'!E5 -> X | F5: ='5 phần tử'!F5 -> ABDEF | G5: ='5 phần tử'!G5 -> (Không trùng 3 phần tử đầu) | H5: ='5 phần tử'!H5 -> (Không trùng 3 phần tử đầu) | ... P5: ='5 phần tử'!P5 -> (Không trùng 3 phần tử đầu)
A6: ='5 phần tử'!A6 -> ABDF | B6: ='5 phần tử'!B6 -> X | C6: ='5 phần tử'!C6 -> X | D6: ='5 phần tử'!D6 -> X | E6: ='5 phần tử'!E6 -> X | F6: ='5 phần tử'!F6 -> X | G6: ='5 phần tử'!G6 -> (Không trùng 3 phần tử đầu) | H6: ='5 phần tử'!H6 -> (Không trùng 3 phần tử đầu) | ... P6: ='5 phần tử'!P6 -> (Không trùng 3 phần tử đầu)
A7: ='5 phần tử'!A7 -> ABEF | B7: ='5 phần tử'!B7 -> X | C7: ='5 phần tử'!C7 -> X | D7: ='5 phần tử'!D7 -> X | E7: ='5 phần tử'!E7 -> X | F7: ='5 phần tử'!F7 -> X | G7: ='5 phần tử'!G7 -> X | H7: ='5 phần tử'!H7 -> (Không trùng 3 phần tử đầu) | ... P7: ='5 phần tử'!P7 -> (Không trùng 3 phần tử đầu)
A8: ='5 phần tử'!A8 -> ACDE | B8: ='5 phần tử'!B8 -> X | C8: ='5 phần tử'!C8 -> X | D8: ='5 phần tử'!D8 -> X | E8: ='5 phần tử'!E8 -> X | F8: ='5 phần tử'!F8 -> X | G8: ='5 phần tử'!G8 -> X | H8: ='5 phần tử'!H8 -> X | ... P8: ='5 phần tử'!P8 -> (Không trùng 3 phần tử đầu)
A9: ='5 phần tử'!A9 -> ACDF | B9: ='5 phần tử'!B9 -> X | C9: ='5 phần tử'!C9 -> X | D9: ='5 phần tử'!D9 -> X | E9: ='5 phần tử'!E9 -> X | F9: ='5 phần tử'!F9 -> X | G9: ='5 phần tử'!G9 -> X | H9: ='5 phần tử'!H9 -> X | ... P9: ='5 phần tử'!P9 -> (Không trùng 3 phần tử đầu)
A10: ='5 phần tử'!A10 -> ACEF | B10: ='5 phần tử'!B10 -> X | C10: ='5 phần tử'!C10 -> X | D10: ='5 phần tử'!D10 -> X | E10: ='5 phần tử'!E10 -> X | F10: ='5 phần tử'!F10 -> X | G10: ='5 phần tử'!G10 -> X | H10: ='5 phần tử'!H10 -> X | ... P10: ='5 phần tử'!P10 -> (Không trùng 3 phần tử đầu)
A11: ='5 phần tử'!A11 -> ADEF | B11: ='5 phần tử'!B11 -> X | C11: ='5 phần tử'!C11 -> X | D11: ='5 phần tử'!D11 -> X | E11: ='5 phần tử'!E11 -> X | F11: ='5 phần tử'!F11 -> X | G11: ='5 phần tử'!G11 -> X | H11: ='5 phần tử'!H11 -> X | ... P11: ='5 phần tử'!P11 -> (Không trùng 3 phần tử đầu)
A12: ='5 phần tử'!A12 -> BCDE | B12: ='5 phần tử'!B12 -> X | C12: ='5 phần tử'!C12 -> X | D12: ='5 phần tử'!D12 -> X | E12: ='5 phần tử'!E12 -> X | F12: ='5 phần tử'!F12 -> X | G12: ='5 phần tử'!G12 -> X | H12: ='5 phần tử'!H12 -> X | ... P12: ='5 phần tử'!P12 -> (Không trùng 3 phần tử đầu)
... A16: ='5 phần tử'!A16 -> CDEF | B16: ='5 phần tử'!B16 -> X | C16: ='5 phần tử'!C16 -> X | D16: ='5 phần tử'!D16 -> X | E16: ='5 phần tử'!E16 -> X | F16: ='5 phần tử'!F16 -> X | G16: ='5 phần tử'!G16 -> X | H16: ='5 phần tử'!H16 -> X | ... P16: ='5 phần tử'!P16 -> X

Sheet (v2)-6 phần tử
A1: ='6 phần tử'!A1 -> 0 | B1: ='6 phần tử'!B1 -> ABCDE | C1: ='6 phần tử'!C1 -> ABCDF | D1: ='6 phần tử'!D1 -> ABCEF | E1: ='6 phần tử'!E1 -> ABDEF | F1: ='6 phần tử'!F1 -> ACDEF | G1: ='6 phần tử'!G1 -> BCDEF
A2: ='6 phần tử'!A2 -> ABCDE | B2: ='6 phần tử'!B2 -> X | C2: ='6 phần tử'!C2 -> ABCDEF | D2: ='6 phần tử'!D2 -> (Không trùng 4 phần tử đầu) | E2: ='6 phần tử'!E2 -> (Không trùng 4 phần tử đầu) | F2: ='6 phần tử'!F2 -> (Không trùng 4 phần tử đầu) | G2: ='6 phần tử'!G2 -> (Không trùng 4 phần tử đầu)
A3: ='6 phần tử'!A3 -> ABCDF | B3: ='6 phần tử'!B3 -> X | C3: ='6 phần tử'!C3 -> X | D3: ='6 phần tử'!D3 -> (Không trùng 4 phần tử đầu) | E3: ='6 phần tử'!E3 -> (Không trùng 4 phần tử đầu) | F3: ='6 phần tử'!F3 -> (Không trùng 4 phần tử đầu) | G3: ='6 phần tử'!G3 -> (Không trùng 4 phần tử đầu)
A4: ='6 phần tử'!A4 -> ABCEF | B4: ='6 phần tử'!B4 -> X | C4: ='6 phần tử'!C4 -> X | D4: ='6 phần tử'!D4 -> X | E4: ='6 phần tử'!E4 -> (Không trùng 4 phần tử đầu) | F4: ='6 phần tử'!F4 -> (Không trùng 4 phần tử đầu) | G4: ='6 phần tử'!G4 -> (Không trùng 4 phần tử đầu)
A5: ='6 phần tử'!A5 -> ABDEF | B5: ='6 phần tử'!B5 -> X | C5: ='6 phần tử'!C5 -> X | D5: ='6 phần tử'!D5 -> X | E5: ='6 phần tử'!E5 -> X | F5: ='6 phần tử'!F5 -> (Không trùng 4 phần tử đầu) | G5: ='6 phần tử'!G5 -> (Không trùng 4 phần tử đầu)
A6: ='6 phần tử'!A6 -> ACDEF | B6: ='6 phần tử'!B6 -> X | C6: ='6 phần tử'!C6 -> X | D6: ='6 phần tử'!D6 -> X | E6: ='6 phần tử'!E6 -> X | F6: ='6 phần tử'!F6 -> X | G6: ='6 phần tử'!G6 -> (Không trùng 4 phần tử đầu)
A7: ='6 phần tử'!A7 -> BCDEF | B7: ='6 phần tử'!B7 -> X | C7: ='6 phần tử'!C7 -> X | D7: ='6 phần tử'!D7 -> X | E7: ='6 phần tử'!E7 -> X | F7: ='6 phần tử'!F7 -> X | G7: ='6 phần tử'!G7 -> X
